Source,Kind,Value
microsoft,hash_sha256,70d93035b0693b0e4ef65eb7f8529e6385d698759cc5b8666a394b2136cc06eb
microsoft,hash_sha256,0e1f9d4d0884c68ec25dec355140ea1bab434f5ea0f86f2aade34178ff3a7d91
microsoft,hash_sha256,247a733048b6d5361162957f53910ad6653cdef128eb5c87c46f14e7e3e46983
microsoft,hash_sha256,f28491b367375f01fb9337ffc137225f4f232df4e074775dd2cc7e667394651c
microsoft,hash_sha256,611458206837560511cb007ab5eeb57047025c2edc0643184561a6bf451e8c2c
microsoft,hash_sha256,b9a2c986b6ad1eb4cfb0303baede906936fe96396f3cf490b0984a4798d741d8
microsoft,hash_sha256,bbd16685917b9b35c7480d5711193c1cd0e4e7ccb0f2bf1fd584c0aebca5ae4c
microsoft,hash_sha256,0affab34d950321e3031864ec2b6c00e4edafb54f4b327717cb5b042c38a33c9
microsoft,hash_sha256,7e05ff08e32a64da75ec48b5e738181afb3e24a9f1da7f5514c5a11bb067cbfb
microsoft,hash_sha256,acc74c920d19ea0a5e6007f929ef30b079eb2836b5b28e5ffcc20e68fa707e66
microsoft,hash_sha256,4e8f24fb50a08c12636f3d50c94772f355d5229e58110cccb3b4835cb2371aec
microsoft,hash_sha256,ec5f07c169267dec875fdd135c1d97186b494a6f1214fb6b40036fd4ce725def
microsoft,hash_sha256,478b04c20bbf6717d10ee978b99339b7c4664febc8bcfdaf86c3f0fbfc83a5c5
microsoft,hash_sha256,f2a8bdf135caca0d7359a7163a4343701a5bdfbc8007e71424649e45901ab7e2
microsoft,hash_sha256,4dec3eeefcec013f142386d5c54099d3daa2b48d559434db1d4f2078d704da1b
microsoft,hash_sha256,6b01eeef147d9e0cd6445f90e55e467b930df2de5d74e3d2f7610e80f2c5a2cd
microsoft,hash_sha256,0f04f199327d0d076815190dc024f4a6b0f27899d50d28e94662820ab9c945d2
microsoft,hash_sha256,e9ddf486e5aeac02fc279659b72a1bec97103f413e089d8fabc30175f4cdbf15
microsoft,hash_sha256,cb80a074e5fde8d297c2c74a0377e612b4030cc756baf4fff3cc2452ebc04a9c
